61.1,16.0342896174,90,0.0,52.7133333333,0.0
61.1,16.0342896174,90,5.0,52.6233333333,0.0
61.1,16.0342896174,90,10.0,53.59,0.0
61.1,16.0342896174,90,15.0,52.3,0.0
61.1,16.0342896174,90,20.0,41.9,0.0
61.1,16.0342896174,90,25.0,41.7,0.0
61.1,16.0342896174,90,25.0,45.1,0.0
61.1,16.0342896174,90,30.0,46.5,0.0
61.1,16.0342896174,90,35.0,31.6375,0.0
61.1,16.0342896174,90,35.0,53.4,0.0
61.1,16.0342896174,90,40.0,31.1,0.0
61.1,16.0342896174,90,45.0,31.3166666667,0.0
61.1,16.0342896174,90,50.0,31.0,0.0
61.1,16.0342896174,90,55.0,31.6625,0.0
61.1,16.0342896174,90,55.0,62.5,0.0
61.1,16.0342896174,90,60.0,61.96,0.0
61.1,16.0342896174,90,65.0,29.5,0.0
61.1,16.0342896174,90,65.0,61.2,0.0
61.1,16.0342896174,90,70.0,61.64,0.0
61.1,16.0342896174,90,75.0,60.94,0.0
61.1,16.0342896174,90,80.0,60.67,0.0
61.1,16.0342896174,90,85.0,60.9333333333,0.0
61.1,16.0342896174,90,90.0,61.1266666667,0.0
61.1,16.0342896174,90,95.0,61.6533333333,0.0
61.1,16.0342896174,90,100.0,60.4533333333,0.0
61.1,16.0342896174,90,105.0,60.1,0.0
61.1,16.0342896174,90,110.0,60.14,0.0
61.1,16.0342896174,90,115.0,60.46,0.0
61.1,16.0342896174,90,120.0,60.6933333333,0.0
61.1,16.0342896174,90,125.0,61.2333333333,0.0
61.1,16.0342896174,90,130.0,61.3,0.0
61.1,16.0342896174,90,130.0,64.6,0.0
61.1,16.0342896174,90,135.0,65.0666666667,0.0
61.1,16.0342896174,90,140.0,100.393700787,0.0
61.1,16.0342896174,90,145.0,100.393700787,0.0
61.1,16.0342896174,90,150.0,100.393700787,0.0
61.1,16.0342896174,90,155.0,100.393700787,0.0
61.1,16.0342896174,90,160.0,100.393700787,0.0
61.1,16.0342896174,90,165.0,12.8,0.0
61.1,16.0342896174,90,170.0,68.7,0.0
61.1,16.0342896174,90,175.0,67.9,0.0
61.1,16.0342896174,90,180.0,79.3,0.0
61.1,16.0342896174,90,180.0,100.393700787,0.0
61.1,16.0342896174,90,175.0,100.393700787,0.0
61.1,16.0342896174,90,170.0,100.393700787,0.0
61.1,16.0342896174,90,165.0,100.393700787,0.0
61.1,16.0342896174,90,160.0,100.393700787,0.0
61.1,16.0342896174,90,155.0,100.393700787,0.0
61.1,16.0342896174,90,150.0,100.393700787,0.0
61.1,16.0342896174,90,145.0,100.393700787,0.0
61.1,16.0342896174,90,140.0,65.8833333333,0.0
61.1,16.0342896174,90,135.0,62.36,0.0
61.1,16.0342896174,90,130.0,63.43,0.0
61.1,16.0342896174,90,125.0,62.38,0.0
61.1,16.0342896174,90,120.0,60.71,0.0
61.1,16.0342896174,90,115.0,60.61,0.0
61.1,16.0342896174,90,110.0,60.4333333333,0.0
61.1,16.0342896174,90,105.0,59.98,0.0
61.1,16.0342896174,90,100.0,60.04,0.0
61.1,16.0342896174,90,95.0,61.17,0.0
61.1,16.0342896174,90,90.0,60.64,0.0
61.1,16.0342896174,90,85.0,60.36,0.0
61.1,16.0342896174,90,80.0,60.89,0.0
61.1,16.0342896174,90,75.0,60.78,0.0
61.1,16.0342896174,90,70.0,29.7,0.0
61.1,16.0342896174,90,70.0,61.472,0.0
61.1,16.0342896174,90,65.0,31.6,0.0
61.1,16.0342896174,90,65.0,52.8,0.0
61.1,16.0342896174,90,65.0,61.3,0.0
61.1,16.0342896174,90,60.0,61.0,0.0
61.1,16.0342896174,90,55.0,31.8,0.0
61.1,16.0342896174,90,55.0,61.2074074074,0.0
61.1,16.0342896174,90,50.0,40.0,0.0
61.1,16.0342896174,90,45.0,33.7,0.0
61.1,16.0342896174,90,40.0,33.1,0.0
61.1,16.0342896174,90,35.0,28.8,0.0
61.1,16.0342896174,90,35.0,47.1666666667,0.0
61.1,16.0342896174,90,30.0,42.725,0.0
61.1,16.0342896174,90,30.0,76.9,0.0
61.1,16.0342896174,90,25.0,29.5,0.0
61.1,16.0342896174,90,25.0,41.9375,0.0
61.1,16.0342896174,90,25.0,52.7,0.0
61.1,16.0342896174,90,20.0,53.2,0.0
61.1,16.0342896174,90,15.0,42.2333333333,0.0
61.1,16.0342896174,90,10.0,52.4266666667,0.0
61.1,16.0342896174,90,5.0,51.2923076923,0.0
61.1,16.0342896174,90,5.0,53.2,0.0
61.1,16.0342896174,90,0.0,53.03,0.0
61.1,16.0342896174,90,0.0,53.06,0.0
61.1,16.0342896174,90,-5.0,51.74,0.0
61.1,16.0342896174,90,-10.0,52.58,0.0
61.1,16.0342896174,90,-15.0,51.9533333333,0.0
61.1,16.0342896174,90,-20.0,52.3789473684,0.0
61.1,16.0342896174,90,-20.0,55.0,0.0
61.1,16.0342896174,90,-25.0,53.3466666667,0.0
61.1,16.0342896174,90,-30.0,52.92,0.0
61.1,16.0342896174,90,-35.0,52.4666666667,0.0
61.1,16.0342896174,90,-40.0,100.393700787,0.0
61.1,16.0342896174,90,-45.0,52.7,0.0
61.1,16.0342896174,90,-50.0,100.393700787,0.0
61.1,16.0342896174,90,-55.0,13.9,0.0
61.1,16.0342896174,90,-60.0,20.3,0.0
61.1,16.0342896174,90,-65.0,20.06,0.0
61.1,16.0342896174,90,-70.0,19.18,0.0
61.1,16.0342896174,90,-75.0,12.8,0.0
61.1,16.0342896174,90,-75.0,19.1636363636,0.0
61.1,16.0342896174,90,-80.0,12.8,0.0
61.1,16.0342896174,90,-85.0,12.6,0.0
61.1,16.0342896174,90,-90.0,13.1555555556,0.0
61.1,16.0342896174,90,-90.0,15.7,0.0
61.1,16.0342896174,90,-95.0,15.7555555556,0.0
61.1,16.0342896174,90,-95.0,18.1142857143,0.0
61.1,16.0342896174,90,-100.0,17.2433333333,0.0
61.1,16.0342896174,90,-105.0,17.69,0.0
61.1,16.0342896174,90,-110.0,18.0366666667,0.0
61.1,16.0342896174,90,-115.0,18.3233333333,0.0
61.1,16.0342896174,90,-120.0,19.1333333333,0.0
61.1,16.0342896174,90,-125.0,18.2833333333,0.0
61.1,16.0342896174,90,-130.0,18.56,0.0
61.1,16.0342896174,90,-130.0,22.24,0.0
61.1,16.0342896174,90,-135.0,18.1583333333,0.0
61.1,16.0342896174,90,-135.0,22.5,0.0
61.1,16.0342896174,90,-140.0,18.2529411765,0.0
61.1,16.0342896174,90,-140.0,21.1,0.0
61.1,16.0342896174,90,-140.0,24.2,0.0
61.1,16.0342896174,90,-145.0,18.0666666667,0.0
61.1,16.0342896174,90,-150.0,17.06,0.0
61.1,16.0342896174,90,-155.0,16.9,0.0
61.1,16.0342896174,90,-160.0,17.219047619,0.0
61.1,16.0342896174,90,-160.0,22.7,0.0
61.1,16.0342896174,90,-165.0,17.68,0.0
61.1,16.0342896174,90,-165.0,23.2,0.0
61.1,16.0342896174,90,-165.0,26.4,0.0
61.1,16.0342896174,90,-170.0,18.6,0.0
61.1,16.0342896174,90,-170.0,23.7,0.0
61.1,16.0342896174,90,-170.0,28.6833333333,0.0
61.1,16.0342896174,90,-175.0,18.71,0.0
61.1,16.0342896174,90,-180.0,100.393700787,0.0
61.1,16.0342896174,90,-180.0,100.393700787,0.0
61.1,16.0342896174,90,-175.0,17.4,0.0
61.1,16.0342896174,90,-170.0,18.0166666667,0.0
61.1,16.0342896174,90,-170.0,23.5,0.0
61.1,16.0342896174,90,-165.0,17.2,0.0
61.1,16.0342896174,90,-165.0,23.4368421053,0.0
61.1,16.0342896174,90,-165.0,26.9,0.0
61.1,16.0342896174,90,-160.0,17.30625,0.0
61.1,16.0342896174,90,-160.0,22.9,0.0
61.1,16.0342896174,90,-155.0,16.98,0.0
61.1,16.0342896174,90,-150.0,17.06,0.0
61.1,16.0342896174,90,-145.0,17.1533333333,0.0
61.1,16.0342896174,90,-140.0,17.5826086957,0.0
61.1,16.0342896174,90,-140.0,20.4,0.0
61.1,16.0342896174,90,-135.0,18.3363636364,0.0
61.1,16.0342896174,90,-135.0,20.7,0.0
61.1,16.0342896174,90,-130.0,18.5366666667,0.0
61.1,16.0342896174,90,-125.0,18.7933333333,0.0
61.1,16.0342896174,90,-120.0,18.224137931,0.0
61.1,16.0342896174,90,-115.0,18.0962962963,0.0
61.1,16.0342896174,90,-115.0,21.1,0.0
61.1,16.0342896174,90,-110.0,18.0533333333,0.0
61.1,16.0342896174,90,-105.0,17.6433333333,0.0
61.1,16.0342896174,90,-100.0,17.4633333333,0.0
61.1,16.0342896174,90,-95.0,16.9966666667,0.0
61.1,16.0342896174,90,-90.0,12.96,0.0
61.1,16.0342896174,90,-90.0,16.7,0.0
61.1,16.0342896174,90,-85.0,12.6,0.0
61.1,16.0342896174,90,-80.0,12.66,0.0
61.1,16.0342896174,90,-75.0,12.6947368421,0.0
61.1,16.0342896174,90,-75.0,18.9,0.0
61.1,16.0342896174,90,-70.0,12.8,0.0
61.1,16.0342896174,90,-70.0,18.9827586207,0.0
61.1,16.0342896174,90,-65.0,19.6,0.0
61.1,16.0342896174,90,-60.0,19.8,0.0
61.1,16.0342896174,90,-55.0,19.6,0.0
61.1,16.0342896174,90,-50.0,19.6,0.0
61.1,16.0342896174,90,-45.0,100.393700787,0.0
61.1,16.0342896174,90,-40.0,52.9,0.0
61.1,16.0342896174,90,-35.0,52.2,0.0
61.1,16.0342896174,90,-35.0,55.3,0.0
61.1,16.0342896174,90,-30.0,52.3,0.0
61.1,16.0342896174,90,-30.0,56.2,0.0
61.1,16.0342896174,90,-30.0,61.2818181818,0.0
61.1,16.0342896174,90,-25.0,52.595,0.0
61.1,16.0342896174,90,-20.0,53.7285714286,0.0
61.1,16.0342896174,90,-20.0,56.0565217391,0.0
61.1,16.0342896174,90,-15.0,52.7,0.0
61.1,16.0342896174,90,-15.0,56.2,0.0
61.1,16.0342896174,90,-10.0,52.8466666667,0.0
61.1,16.0342896174,90,-5.0,52.7866666667,0.0
61.1,16.0342896174,90,0.0,53.0466666667,0.0
61.1,53.7640368692,90.0,0.0,14.3333333333,0.0
61.1,53.7640368692,90.0,5.0,14.4,0.0
61.1,53.7640368692,90.0,10.0,14.5733333333,0.0
61.1,53.7640368692,90.0,15.0,14.8366666667,0.0
61.1,53.7640368692,90.0,20.0,14.8533333333,0.0
61.1,53.7640368692,90.0,25.0,15.2933333333,0.0
61.1,53.7640368692,90.0,30.0,15.69,0.0
61.1,53.7640368692,90.0,35.0,22.8,0.0
61.1,53.7640368692,90.0,40.0,16.1,0.0
61.1,53.7640368692,90.0,40.0,22.7,0.0
61.1,53.7640368692,90.0,45.0,23.4952380952,0.0
61.1,53.7640368692,90.0,45.0,28.1,0.0
61.1,53.7640368692,90.0,50.0,22.9466666667,0.0
61.1,53.7640368692,90.0,55.0,23.7090909091,0.0
61.1,53.7640368692,90.0,55.0,28.9,0.0
61.1,53.7640368692,90.0,60.0,13.5,0.0
61.1,53.7640368692,90.0,60.0,17.5,0.0
61.1,53.7640368692,90.0,60.0,23.0153846154,0.0
61.1,53.7640368692,90.0,65.0,13.8533333333,0.0
61.1,53.7640368692,90.0,65.0,25.6,0.0
61.1,53.7640368692,90.0,70.0,13.25,0.0
61.1,53.7640368692,90.0,70.0,27.5333333333,0.0
61.1,53.7640368692,90.0,75.0,13.2466666667,0.0
61.1,53.7640368692,90.0,80.0,13.3,0.0
61.1,53.7640368692,90.0,85.0,14.1166666667,0.0
61.1,53.7640368692,90.0,90.0,13.38,0.0
61.1,53.7640368692,90.0,95.0,14.13,0.0
61.1,53.7640368692,90.0,95.0,17.0,0.0
61.1,53.7640368692,90.0,95.0,28.8,0.0
61.1,53.7640368692,90.0,100.0,13.3,0.0
61.1,53.7640368692,90.0,105.0,14.6,0.0
61.1,53.7640368692,90.0,110.0,22.46875,0.0
61.1,53.7640368692,90.0,110.0,26.5714285714,0.0
61.1,53.7640368692,90.0,115.0,22.6333333333,0.0
61.1,53.7640368692,90.0,120.0,22.2866666667,0.0
61.1,53.7640368692,90.0,125.0,22.6233333333,0.0
61.1,53.7640368692,90.0,130.0,22.67,0.0
61.1,53.7640368692,90.0,135.0,22.77,0.0
61.1,53.7640368692,90.0,140.0,23.1266666667,0.0
61.1,53.7640368692,90.0,145.0,23.305,0.0
61.1,53.7640368692,90.0,145.0,27.2,0.0
61.1,53.7640368692,90.0,150.0,23.8,0.0
61.1,53.7640368692,90.0,155.0,23.8,0.0
61.1,53.7640368692,90.0,160.0,12.6,0.0
61.1,53.7640368692,90.0,160.0,53.9,0.0
61.1,53.7640368692,90.0,165.0,58.0,0.0
61.1,53.7640368692,90.0,170.0,12.8,0.0
61.1,53.7640368692,90.0,170.0,36.7,0.0
61.1,53.7640368692,90.0,175.0,12.8,0.0
61.1,53.7640368692,90.0,175.0,34.5,0.0
61.1,53.7640368692,90.0,175.0,53.5,0.0
61.1,53.7640368692,90.0,180.0,35.0,0.0
61.1,53.7640368692,90.0,180.0,38.7,0.0
61.1,53.7640368692,90.0,180.0,53.5,0.0
61.1,53.7640368692,90.0,180.0,36.6,0.0
61.1,53.7640368692,90.0,180.0,41.0,0.0
61.1,53.7640368692,90.0,180.0,53.5,0.0
61.1,53.7640368692,90.0,175.0,35.4,0.0
61.1,53.7640368692,90.0,175.0,53.7,0.0
61.1,53.7640368692,90.0,170.0,35.0,0.0
61.1,53.7640368692,90.0,170.0,53.7,0.0
61.1,53.7640368692,90.0,165.0,36.0,0.0
61.1,53.7640368692,90.0,160.0,12.8,0.0
61.1,53.7640368692,90.0,160.0,54.3,0.0
61.1,53.7640368692,90.0,155.0,12.8,0.0
61.1,53.7640368692,90.0,150.0,100.393700787,0.0
61.1,53.7640368692,90.0,145.0,23.9,0.0
61.1,53.7640368692,90.0,140.0,23.2133333333,0.0
61.1,53.7640368692,90.0,135.0,22.71,0.0
61.1,53.7640368692,90.0,130.0,22.5933333333,0.0
61.1,53.7640368692,90.0,125.0,22.63,0.0
61.1,53.7640368692,90.0,120.0,22.65,0.0
61.1,53.7640368692,90.0,115.0,22.8851851852,0.0
61.1,53.7640368692,90.0,115.0,26.0,0.0
61.1,53.7640368692,90.0,110.0,23.0117647059,0.0
61.1,53.7640368692,90.0,110.0,25.9,0.0
61.1,53.7640368692,90.0,105.0,15.4,0.0
61.1,53.7640368692,90.0,100.0,14.92,0.0
61.1,53.7640368692,90.0,95.0,13.77,0.0
61.1,53.7640368692,90.0,90.0,14.1666666667,0.0
61.1,53.7640368692,90.0,85.0,13.375,0.0
61.1,53.7640368692,90.0,85.0,16.8,0.0
61.1,53.7640368692,90.0,80.0,13.51,0.0
61.1,53.7640368692,90.0,75.0,13.0166666667,0.0
61.1,53.7640368692,90.0,70.0,13.1,0.0
61.1,53.7640368692,90.0,70.0,28.0,0.0
61.1,53.7640368692,90.0,65.0,15.3375,0.0
61.1,53.7640368692,90.0,65.0,25.7071428571,0.0
61.1,53.7640368692,90.0,60.0,14.2,0.0
61.1,53.7640368692,90.0,60.0,17.9,0.0
61.1,53.7640368692,90.0,60.0,23.3153846154,0.0
61.1,53.7640368692,90.0,55.0,17.5,0.0
61.1,53.7640368692,90.0,50.0,16.9647058824,0.0
61.1,53.7640368692,90.0,50.0,22.8461538462,0.0
61.1,53.7640368692,90.0,45.0,16.3,0.0
61.1,53.7640368692,90.0,45.0,23.1592592593,0.0
61.1,53.7640368692,90.0,40.0,16.6454545455,0.0
61.1,53.7640368692,90.0,40.0,22.7947368421,0.0
61.1,53.7640368692,90.0,35.0,15.7384615385,0.0
61.1,53.7640368692,90.0,35.0,26.6,0.0
61.1,53.7640368692,90.0,30.0,15.78,0.0
61.1,53.7640368692,90.0,30.0,23.14,0.0
61.1,53.7640368692,90.0,25.0,15.3666666667,0.0
61.1,53.7640368692,90.0,20.0,14.9366666667,0.0
61.1,53.7640368692,90.0,15.0,14.83,0.0
61.1,53.7640368692,90.0,10.0,14.76,0.0
61.1,53.7640368692,90.0,5.0,14.6333333333,0.0
61.1,53.7640368692,90.0,0.0,14.4866666667,0.0
61.1,53.7640368692,90.0,0.0,14.5133333333,0.0
61.1,53.7640368692,90.0,-5.0,14.42,0.0
61.1,53.7640368692,90.0,-10.0,14.47,0.0
61.1,53.7640368692,90.0,-15.0,14.3366666667,0.0
61.1,53.7640368692,90.0,-20.0,14.49,0.0
61.1,53.7640368692,90.0,-25.0,14.39,0.0
61.1,53.7640368692,90.0,-30.0,14.61,0.0
61.1,53.7640368692,90.0,-35.0,14.7533333333,0.0
61.1,53.7640368692,90.0,-40.0,14.7433333333,0.0
61.1,53.7640368692,90.0,-45.0,15.06,0.0
61.1,53.7640368692,90.0,-50.0,27.4266666667,0.0
61.1,53.7640368692,90.0,-55.0,27.54,0.0
61.1,53.7640368692,90.0,-60.0,27.06,0.0
61.1,53.7640368692,90.0,-65.0,25.4333333333,0.0
61.1,53.7640368692,90.0,-70.0,23.6066666667,0.0
61.1,53.7640368692,90.0,-75.0,22.38,0.0
61.1,53.7640368692,90.0,-80.0,22.1,0.0
61.1,53.7640368692,90.0,-85.0,21.96,0.0
61.1,53.7640368692,90.0,-90.0,21.7,0.0
61.1,53.7640368692,90.0,-95.0,21.5333333333,0.0
61.1,53.7640368692,90.0,-100.0,21.47,0.0
61.1,53.7640368692,90.0,-105.0,21.4,0.0
61.1,53.7640368692,90.0,-110.0,21.4266666667,0.0
61.1,53.7640368692,90.0,-115.0,21.48,0.0
61.1,53.7640368692,90.0,-120.0,21.6,0.0
61.1,53.7640368692,90.0,-125.0,21.84,0.0
61.1,53.7640368692,90.0,-130.0,22.1633333333,0.0
61.1,53.7640368692,90.0,-135.0,23.2666666667,0.0
61.1,53.7640368692,90.0,-140.0,23.8,0.0
61.1,53.7640368692,90.0,-145.0,23.8,0.0
61.1,53.7640368692,90.0,-150.0,40.38,0.0
61.1,53.7640368692,90.0,-155.0,39.4066666667,0.0
61.1,53.7640368692,90.0,-160.0,35.0571428571,0.0
61.1,53.7640368692,90.0,-160.0,39.0,0.0
61.1,53.7640368692,90.0,-165.0,34.1633333333,0.0
61.1,53.7640368692,90.0,-170.0,34.1,0.0
61.1,53.7640368692,90.0,-175.0,33.84,0.0
61.1,53.7640368692,90.0,-175.0,37.6,0.0
61.1,53.7640368692,90.0,-180.0,36.4333333333,0.0
61.1,53.7640368692,90.0,-180.0,34.96,0.0
61.1,53.7640368692,90.0,-175.0,34.0777777778,0.0
61.1,53.7640368692,90.0,-175.0,38.6,0.0
61.1,53.7640368692,90.0,-170.0,34.7433333333,0.0
61.1,53.7640368692,90.0,-165.0,34.1033333333,0.0
61.1,53.7640368692,90.0,-160.0,35.0,0.0
61.1,53.7640368692,90.0,-160.0,38.875,0.0
61.1,53.7640368692,90.0,-155.0,34.7,0.0
61.1,53.7640368692,90.0,-155.0,39.4086956522,0.0
61.1,53.7640368692,90.0,-150.0,39.6,0.0
61.1,53.7640368692,90.0,-150.0,56.6,0.0
61.1,53.7640368692,90.0,-145.0,40.36,0.0
61.1,53.7640368692,90.0,-140.0,40.7,0.0
61.1,53.7640368692,90.0,-135.0,24.1533333333,0.0
61.1,53.7640368692,90.0,-130.0,22.3666666667,0.0
61.1,53.7640368692,90.0,-125.0,21.8833333333,0.0
61.1,53.7640368692,90.0,-120.0,21.66,0.0
61.1,53.7640368692,90.0,-115.0,21.5333333333,0.0
61.1,53.7640368692,90.0,-110.0,21.4433333333,0.0
61.1,53.7640368692,90.0,-105.0,21.4266666667,0.0
61.1,53.7640368692,90.0,-100.0,21.48,0.0
61.1,53.7640368692,90.0,-95.0,21.5133333333,0.0
61.1,53.7640368692,90.0,-90.0,21.63,0.0
61.1,53.7640368692,90.0,-85.0,21.8,0.0
61.1,53.7640368692,90.0,-80.0,22.1133333333,0.0
61.1,53.7640368692,90.0,-75.0,22.37,0.0
61.1,53.7640368692,90.0,-70.0,22.8,0.0
61.1,53.7640368692,90.0,-65.0,24.49,0.0
61.1,53.7640368692,90.0,-60.0,26.5,0.0
61.1,53.7640368692,90.0,-55.0,27.1266666667,0.0
61.1,53.7640368692,90.0,-50.0,27.3533333333,0.0
61.1,53.7640368692,90.0,-45.0,27.51,0.0
61.1,53.7640368692,90.0,-40.0,15.8133333333,0.0
61.1,53.7640368692,90.0,-35.0,14.9566666667,0.0
61.1,53.7640368692,90.0,-30.0,14.54,0.0
61.1,53.7640368692,90.0,-25.0,14.4666666667,0.0
61.1,53.7640368692,90.0,-20.0,14.53,0.0
61.1,53.7640368692,90.0,-15.0,14.3333333333,0.0
61.1,53.7640368692,90.0,-10.0,14.3133333333,0.0
61.1,53.7640368692,90.0,-5.0,14.47,0.0
61.1,53.7640368692,90.0,0.0,14.31,0.0
15.9706911191,53.7550847979,170.15772153774859,0.0,10.2333333333,0.0
15.9706911191,53.7550847979,170.15772153774859,5.0,10.1433333333,0.0
15.9706911191,53.7550847979,170.15772153774859,10.0,10.26,0.0
15.9706911191,53.7550847979,170.15772153774859,15.0,10.4733333333,0.0
15.9706911191,53.7550847979,170.15772153774859,20.0,10.5,0.0
15.9706911191,53.7550847979,170.15772153774859,25.0,10.6966666667,0.0
15.9706911191,53.7550847979,170.15772153774859,30.0,11.0366666667,0.0
15.9706911191,53.7550847979,170.15772153774859,35.0,11.6066666667,0.0
15.9706911191,53.7550847979,170.15772153774859,40.0,12.5166666667,0.0
15.9706911191,53.7550847979,170.15772153774859,45.0,12.8,0.0
15.9706911191,53.7550847979,170.15772153774859,50.0,12.6,0.0
15.9706911191,53.7550847979,170.15772153774859,55.0,13.3,0.0
15.9706911191,53.7550847979,170.15772153774859,60.0,13.3,0.0
15.9706911191,53.7550847979,170.15772153774859,65.0,44.2578947368,0.0
15.9706911191,53.7550847979,170.15772153774859,65.0,52.9272727273,0.0
15.9706911191,53.7550847979,170.15772153774859,70.0,43.5633333333,0.0
15.9706911191,53.7550847979,170.15772153774859,75.0,43.1766666667,0.0
15.9706911191,53.7550847979,170.15772153774859,80.0,42.9266666667,0.0
15.9706911191,53.7550847979,170.15772153774859,85.0,43.01,0.0
15.9706911191,53.7550847979,170.15772153774859,90.0,43.28,0.0
15.9706911191,53.7550847979,170.15772153774859,95.0,44.59,0.0
15.9706911191,53.7550847979,170.15772153774859,100.0,44.0333333333,0.0
15.9706911191,53.7550847979,170.15772153774859,105.0,52.29,0.0
15.9706911191,53.7550847979,170.15772153774859,110.0,52.59,0.0
15.9706911191,53.7550847979,170.15772153774859,115.0,52.52,0.0
15.9706911191,53.7550847979,170.15772153774859,120.0,52.75,0.0
15.9706911191,53.7550847979,170.15772153774859,125.0,53.1,0.0
15.9706911191,53.7550847979,170.15772153774859,130.0,53.5,0.0
15.9706911191,53.7550847979,170.15772153774859,135.0,31.3,0.0
15.9706911191,53.7550847979,170.15772153774859,135.0,85.6,0.0
15.9706911191,53.7550847979,170.15772153774859,140.0,31.11,0.0
15.9706911191,53.7550847979,170.15772153774859,145.0,29.18,0.0
15.9706911191,53.7550847979,170.15772153774859,150.0,28.91,0.0
15.9706911191,53.7550847979,170.15772153774859,155.0,28.7,0.0
15.9706911191,53.7550847979,170.15772153774859,160.0,12.8,0.0
15.9706911191,53.7550847979,170.15772153774859,160.0,28.85,0.0
15.9706911191,53.7550847979,170.15772153774859,165.0,12.8,0.0
15.9706911191,53.7550847979,170.15772153774859,165.0,28.7,0.0
15.9706911191,53.7550847979,170.15772153774859,170.0,12.8,0.0
15.9706911191,53.7550847979,170.15772153774859,175.0,12.8,0.0
15.9706911191,53.7550847979,170.15772153774859,175.0,29.2,0.0
15.9706911191,53.7550847979,170.15772153774859,180.0,29.97,0.0
15.9706911191,53.7550847979,170.15772153774859,180.0,29.7733333333,0.0
15.9706911191,53.7550847979,170.15772153774859,175.0,29.4066666667,0.0
15.9706911191,53.7550847979,170.15772153774859,170.0,12.8,0.0
15.9706911191,53.7550847979,170.15772153774859,170.0,29.1,0.0
15.9706911191,53.7550847979,170.15772153774859,165.0,12.8,0.0
15.9706911191,53.7550847979,170.15772153774859,165.0,28.575,0.0
15.9706911191,53.7550847979,170.15772153774859,160.0,12.8,0.0
15.9706911191,53.7550847979,170.15772153774859,160.0,29.2,0.0
15.9706911191,53.7550847979,170.15772153774859,155.0,28.8233333333,0.0
15.9706911191,53.7550847979,170.15772153774859,150.0,28.9833333333,0.0
15.9706911191,53.7550847979,170.15772153774859,145.0,28.7266666667,0.0
15.9706911191,53.7550847979,170.15772153774859,140.0,12.9,0.0
15.9706911191,53.7550847979,170.15772153774859,140.0,29.2,0.0
15.9706911191,53.7550847979,170.15772153774859,135.0,29.8,0.0
15.9706911191,53.7550847979,170.15772153774859,130.0,54.3,0.0
15.9706911191,53.7550847979,170.15772153774859,130.0,61.3,0.0
15.9706911191,53.7550847979,170.15772153774859,125.0,53.18,0.0
15.9706911191,53.7550847979,170.15772153774859,120.0,53.0933333333,0.0
15.9706911191,53.7550847979,170.15772153774859,115.0,52.4433333333,0.0
15.9706911191,53.7550847979,170.15772153774859,110.0,45.9111111111,0.0
15.9706911191,53.7550847979,170.15772153774859,110.0,52.5,0.0
15.9706911191,53.7550847979,170.15772153774859,105.0,44.0857142857,0.0
15.9706911191,53.7550847979,170.15772153774859,105.0,52.3,0.0
15.9706911191,53.7550847979,170.15772153774859,100.0,43.8166666667,0.0
15.9706911191,53.7550847979,170.15772153774859,100.0,47.1,0.0
15.9706911191,53.7550847979,170.15772153774859,95.0,44.2566666667,0.0
15.9706911191,53.7550847979,170.15772153774859,90.0,43.3666666667,0.0
15.9706911191,53.7550847979,170.15772153774859,85.0,43.0066666667,0.0
15.9706911191,53.7550847979,170.15772153774859,80.0,42.9066666667,0.0
15.9706911191,53.7550847979,170.15772153774859,75.0,43.0466666667,0.0
15.9706911191,53.7550847979,170.15772153774859,70.0,43.4833333333,0.0
15.9706911191,53.7550847979,170.15772153774859,65.0,43.5566666667,0.0
15.9706911191,53.7550847979,170.15772153774859,60.0,44.1,0.0
15.9706911191,53.7550847979,170.15772153774859,55.0,44.7,0.0
15.9706911191,53.7550847979,170.15772153774859,50.0,12.8,0.0
15.9706911191,53.7550847979,170.15772153774859,50.0,44.8,0.0
15.9706911191,53.7550847979,170.15772153774859,45.0,12.6,0.0
15.9706911191,53.7550847979,170.15772153774859,40.0,12.6,0.0
15.9706911191,53.7550847979,170.15772153774859,35.0,11.7266666667,0.0
15.9706911191,53.7550847979,170.15772153774859,30.0,11.3,0.0
15.9706911191,53.7550847979,170.15772153774859,25.0,10.9,0.0
15.9706911191,53.7550847979,170.15772153774859,20.0,10.5,0.0
15.9706911191,53.7550847979,170.15772153774859,15.0,10.5,0.0
15.9706911191,53.7550847979,170.15772153774859,10.0,10.4,0.0
15.9706911191,53.7550847979,170.15772153774859,5.0,10.1,0.0
15.9706911191,53.7550847979,170.15772153774859,0.0,10.1266666667,0.0
15.9706911191,53.7550847979,170.15772153774859,0.0,10.2333333333,0.0
15.9706911191,53.7550847979,170.15772153774859,-5.0,10.18,0.0
15.9706911191,53.7550847979,170.15772153774859,-10.0,10.2266666667,0.0
15.9706911191,53.7550847979,170.15772153774859,-15.0,10.32,0.0
15.9706911191,53.7550847979,170.15772153774859,-20.0,10.49,0.0
15.9706911191,53.7550847979,170.15772153774859,-25.0,11.16,0.0
15.9706911191,53.7550847979,170.15772153774859,-30.0,12.2766666667,0.0
15.9706911191,53.7550847979,170.15772153774859,-35.0,12.6733333333,0.0
15.9706911191,53.7550847979,170.15772153774859,-40.0,13.0233333333,0.0
15.9706911191,53.7550847979,170.15772153774859,-45.0,12.9,0.0
15.9706911191,53.7550847979,170.15772153774859,-50.0,13.1066666667,0.0
15.9706911191,53.7550847979,170.15772153774859,-55.0,12.7933333333,0.0
15.9706911191,53.7550847979,170.15772153774859,-60.0,12.9,0.0
15.9706911191,53.7550847979,170.15772153774859,-65.0,13.1633333333,0.0
15.9706911191,53.7550847979,170.15772153774859,-70.0,14.42,0.0
15.9706911191,53.7550847979,170.15772153774859,-75.0,14.7333333333,0.0
15.9706911191,53.7550847979,170.15772153774859,-80.0,15.6033333333,0.0
15.9706911191,53.7550847979,170.15772153774859,-85.0,15.52,0.0
15.9706911191,53.7550847979,170.15772153774859,-90.0,15.3633333333,0.0
15.9706911191,53.7550847979,170.15772153774859,-95.0,15.31,0.0
15.9706911191,53.7550847979,170.15772153774859,-100.0,15.2933333333,0.0
15.9706911191,53.7550847979,170.15772153774859,-105.0,15.3833333333,0.0
15.9706911191,53.7550847979,170.15772153774859,-110.0,15.6,0.0
15.9706911191,53.7550847979,170.15772153774859,-115.0,15.79,0.0
15.9706911191,53.7550847979,170.15772153774859,-120.0,15.89,0.0
15.9706911191,53.7550847979,170.15772153774859,-125.0,19.6,0.0
15.9706911191,53.7550847979,170.15772153774859,-130.0,16.8,0.0
15.9706911191,53.7550847979,170.15772153774859,-135.0,12.8,0.0
15.9706911191,53.7550847979,170.15772153774859,-135.0,17.0,0.0
15.9706911191,53.7550847979,170.15772153774859,-140.0,41.5928571429,0.0
15.9706911191,53.7550847979,170.15772153774859,-145.0,37.0,0.0
15.9706911191,53.7550847979,170.15772153774859,-145.0,41.6142857143,0.0
15.9706911191,53.7550847979,170.15772153774859,-145.0,72.0,0.0
15.9706911191,53.7550847979,170.15772153774859,-150.0,37.1,0.0
15.9706911191,53.7550847979,170.15772153774859,-150.0,41.9772727273,0.0
15.9706911191,53.7550847979,170.15772153774859,-155.0,36.7333333333,0.0
15.9706911191,53.7550847979,170.15772153774859,-155.0,42.2,0.0
15.9706911191,53.7550847979,170.15772153774859,-155.0,71.3,0.0
15.9706911191,53.7550847979,170.15772153774859,-160.0,31.1,0.0
15.9706911191,53.7550847979,170.15772153774859,-160.0,34.8,0.0
15.9706911191,53.7550847979,170.15772153774859,-160.0,41.8,0.0
15.9706911191,53.7550847979,170.15772153774859,-165.0,32.3,0.0
15.9706911191,53.7550847979,170.15772153774859,-165.0,35.7,0.0
15.9706911191,53.7550847979,170.15772153774859,-170.0,30.5368421053,0.0
15.9706911191,53.7550847979,170.15772153774859,-170.0,33.0,0.0
15.9706911191,53.7550847979,170.15772153774859,-175.0,34.5,0.0
15.9706911191,53.7550847979,170.15772153774859,-175.0,40.5,0.0
15.9706911191,53.7550847979,170.15772153774859,-175.0,70.2,0.0
15.9706911191,53.7550847979,170.15772153774859,-180.0,36.4,0.0
15.9706911191,53.7550847979,170.15772153774859,-180.0,30.1,0.0
15.9706911191,53.7550847979,170.15772153774859,-175.0,32.1,0.0
15.9706911191,53.7550847979,170.15772153774859,-175.0,69.88,0.0
15.9706911191,53.7550847979,170.15772153774859,-170.0,30.3,0.0
15.9706911191,53.7550847979,170.15772153774859,-165.0,30.3,0.0
15.9706911191,53.7550847979,170.15772153774859,-165.0,41.4,0.0
15.9706911191,53.7550847979,170.15772153774859,-160.0,35.395,0.0
15.9706911191,53.7550847979,170.15772153774859,-160.0,70.9,0.0
15.9706911191,53.7550847979,170.15772153774859,-155.0,35.9736842105,0.0
15.9706911191,53.7550847979,170.15772153774859,-155.0,71.1,0.0
15.9706911191,53.7550847979,170.15772153774859,-150.0,36.675,0.0
15.9706911191,53.7550847979,170.15772153774859,-150.0,43.3,0.0
15.9706911191,53.7550847979,170.15772153774859,-150.0,71.3,0.0
15.9706911191,53.7550847979,170.15772153774859,-145.0,37.5,0.0
15.9706911191,53.7550847979,170.15772153774859,-145.0,42.4928571429,0.0
15.9706911191,53.7550847979,170.15772153774859,-140.0,21.3,0.0
15.9706911191,53.7550847979,170.15772153774859,-140.0,42.1068965517,0.0
15.9706911191,53.7550847979,170.15772153774859,-135.0,16.8,0.0
15.9706911191,53.7550847979,170.15772153774859,-135.0,37.0260869565,0.0
15.9706911191,53.7550847979,170.15772153774859,-130.0,15.3,0.0
15.9706911191,53.7550847979,170.15772153774859,-125.0,15.6,0.0
15.9706911191,53.7550847979,170.15772153774859,-120.0,15.82,0.0
15.9706911191,53.7550847979,170.15772153774859,-115.0,15.85,0.0
15.9706911191,53.7550847979,170.15772153774859,-110.0,15.54,0.0
15.9706911191,53.7550847979,170.15772153774859,-105.0,15.56,0.0
15.9706911191,53.7550847979,170.15772153774859,-100.0,15.6,0.0
15.9706911191,53.7550847979,170.15772153774859,-95.0,15.22,0.0
15.9706911191,53.7550847979,170.15772153774859,-90.0,15.2933333333,0.0
15.9706911191,53.7550847979,170.15772153774859,-85.0,15.3866666667,0.0
15.9706911191,53.7550847979,170.15772153774859,-80.0,15.6166666667,0.0
15.9706911191,53.7550847979,170.15772153774859,-75.0,15.61,0.0
15.9706911191,53.7550847979,170.15772153774859,-70.0,15.4966666667,0.0
15.9706911191,53.7550847979,170.15772153774859,-65.0,13.3366666667,0.0
15.9706911191,53.7550847979,170.15772153774859,-60.0,12.9,0.0
15.9706911191,53.7550847979,170.15772153774859,-55.0,12.93,0.0
15.9706911191,53.7550847979,170.15772153774859,-50.0,12.98,0.0
15.9706911191,53.7550847979,170.15772153774859,-45.0,13.0933333333,0.0
15.9706911191,53.7550847979,170.15772153774859,-40.0,12.95,0.0
15.9706911191,53.7550847979,170.15772153774859,-35.0,13.1666666667,0.0
15.9706911191,53.7550847979,170.15772153774859,-30.0,12.72,0.0
15.9706911191,53.7550847979,170.15772153774859,-25.0,12.02,0.0
15.9706911191,53.7550847979,170.15772153774859,-20.0,10.94,0.0
15.9706911191,53.7550847979,170.15772153774859,-15.0,10.48,0.0
15.9706911191,53.7550847979,170.15772153774859,-10.0,10.23,0.0
15.9706911191,53.7550847979,170.15772153774859,-5.0,10.1866666667,0.0
15.9706911191,53.7550847979,170.15772153774859,0.0,10.1933333333,0.0
16.0000096919,15.9875151357,270.04447811069326,0.0,12.5866666667,0.0
16.0000096919,15.9875151357,270.04447811069326,5.0,12.6,0.0
16.0000096919,15.9875151357,270.04447811069326,10.0,12.6,0.0
16.0000096919,15.9875151357,270.04447811069326,15.0,12.7533333333,0.0
16.0000096919,15.9875151357,270.04447811069326,20.0,13.02,0.0
16.0000096919,15.9875151357,270.04447811069326,25.0,13.28,0.0
16.0000096919,15.9875151357,270.04447811069326,30.0,13.5095238095,0.0
16.0000096919,15.9875151357,270.04447811069326,30.0,16.8,0.0
16.0000096919,15.9875151357,270.04447811069326,35.0,13.3,0.0
16.0000096919,15.9875151357,270.04447811069326,35.0,18.54,0.0
16.0000096919,15.9875151357,270.04447811069326,40.0,13.9,0.0
16.0000096919,15.9875151357,270.04447811069326,40.0,56.0,0.0
16.0000096919,15.9875151357,270.04447811069326,45.0,56.2,0.0
16.0000096919,15.9875151357,270.04447811069326,50.0,100.393700787,0.0
16.0000096919,15.9875151357,270.04447811069326,55.0,70.3,0.0
16.0000096919,15.9875151357,270.04447811069326,55.0,77.8,0.0
16.0000096919,15.9875151357,270.04447811069326,60.0,68.8,0.0
16.0000096919,15.9875151357,270.04447811069326,65.0,72.3,0.0
16.0000096919,15.9875151357,270.04447811069326,70.0,75.4,0.0
16.0000096919,15.9875151357,270.04447811069326,75.0,70.5666666667,0.0
16.0000096919,15.9875151357,270.04447811069326,75.0,74.1,0.0
16.0000096919,15.9875151357,270.04447811069326,80.0,69.8166666667,0.0
16.0000096919,15.9875151357,270.04447811069326,85.0,62.2,0.0
16.0000096919,15.9875151357,270.04447811069326,85.0,68.5888888889,0.0
16.0000096919,15.9875151357,270.04447811069326,90.0,57.82,0.0
16.0000096919,15.9875151357,270.04447811069326,95.0,57.58,0.0
16.0000096919,15.9875151357,270.04447811069326,100.0,35.6,0.0
16.0000096919,15.9875151357,270.04447811069326,100.0,57.792,0.0
16.0000096919,15.9875151357,270.04447811069326,105.0,35.196,0.0
16.0000096919,15.9875151357,270.04447811069326,105.0,57.8,0.0
16.0000096919,15.9875151357,270.04447811069326,110.0,34.9633333333,0.0
16.0000096919,15.9875151357,270.04447811069326,115.0,34.6166666667,0.0
16.0000096919,15.9875151357,270.04447811069326,120.0,34.7133333333,0.0
16.0000096919,15.9875151357,270.04447811069326,125.0,34.5166666667,0.0
16.0000096919,15.9875151357,270.04447811069326,130.0,34.7966666667,0.0
16.0000096919,15.9875151357,270.04447811069326,135.0,34.92,0.0
16.0000096919,15.9875151357,270.04447811069326,140.0,34.6966666667,0.0
16.0000096919,15.9875151357,270.04447811069326,145.0,34.68,0.0
16.0000096919,15.9875151357,270.04447811069326,150.0,34.7714285714,0.0
16.0000096919,15.9875151357,270.04447811069326,150.0,37.8,0.0
16.0000096919,15.9875151357,270.04447811069326,155.0,35.3,0.0
16.0000096919,15.9875151357,270.04447811069326,155.0,41.1,0.0
16.0000096919,15.9875151357,270.04447811069326,160.0,35.5333333333,0.0
16.0000096919,15.9875151357,270.04447811069326,160.0,60.0666666667,0.0
16.0000096919,15.9875151357,270.04447811069326,165.0,35.9,0.0
16.0000096919,15.9875151357,270.04447811069326,165.0,48.6,0.0
16.0000096919,15.9875151357,270.04447811069326,165.0,56.4,0.0
16.0000096919,15.9875151357,270.04447811069326,170.0,48.7066666667,0.0
16.0000096919,15.9875151357,270.04447811069326,175.0,48.78,0.0
16.0000096919,15.9875151357,270.04447811069326,180.0,48.82,0.0
16.0000096919,15.9875151357,270.04447811069326,180.0,48.3,0.0
16.0000096919,15.9875151357,270.04447811069326,175.0,48.9166666667,0.0
16.0000096919,15.9875151357,270.04447811069326,170.0,50.0066666667,0.0
16.0000096919,15.9875151357,270.04447811069326,165.0,36.6,0.0
16.0000096919,15.9875151357,270.04447811069326,165.0,49.0,0.0
16.0000096919,15.9875151357,270.04447811069326,160.0,36.9785714286,0.0
16.0000096919,15.9875151357,270.04447811069326,160.0,49.9,0.0
16.0000096919,15.9875151357,270.04447811069326,155.0,35.1166666667,0.0
16.0000096919,15.9875151357,270.04447811069326,155.0,38.8,0.0
16.0000096919,15.9875151357,270.04447811069326,150.0,34.93,0.0
16.0000096919,15.9875151357,270.04447811069326,145.0,34.91,0.0
16.0000096919,15.9875151357,270.04447811069326,140.0,34.55,0.0
16.0000096919,15.9875151357,270.04447811069326,135.0,34.64,0.0
16.0000096919,15.9875151357,270.04447811069326,130.0,34.9566666667,0.0
16.0000096919,15.9875151357,270.04447811069326,125.0,34.2433333333,0.0
16.0000096919,15.9875151357,270.04447811069326,120.0,34.5666666667,0.0
16.0000096919,15.9875151357,270.04447811069326,115.0,34.53,0.0
16.0000096919,15.9875151357,270.04447811069326,110.0,34.7966666667,0.0
16.0000096919,15.9875151357,270.04447811069326,105.0,37.6642857143,0.0
16.0000096919,15.9875151357,270.04447811069326,105.0,57.7,0.0
16.0000096919,15.9875151357,270.04447811069326,100.0,58.5407407407,0.0
16.0000096919,15.9875151357,270.04447811069326,100.0,69.3,0.0
16.0000096919,15.9875151357,270.04447811069326,95.0,35.7,0.0
16.0000096919,15.9875151357,270.04447811069326,95.0,62.7076923077,0.0
16.0000096919,15.9875151357,270.04447811069326,95.0,69.1,0.0
16.0000096919,15.9875151357,270.04447811069326,90.0,57.7033333333,0.0
16.0000096919,15.9875151357,270.04447811069326,85.0,58.0,0.0
16.0000096919,15.9875151357,270.04447811069326,85.0,69.688,0.0
16.0000096919,15.9875151357,270.04447811069326,80.0,62.5,0.0
16.0000096919,15.9875151357,270.04447811069326,80.0,69.25,0.0
16.0000096919,15.9875151357,270.04447811069326,75.0,69.25,0.0
16.0000096919,15.9875151357,270.04447811069326,70.0,69.3666666667,0.0
16.0000096919,15.9875151357,270.04447811069326,65.0,69.3,0.0
16.0000096919,15.9875151357,270.04447811069326,65.0,75.8,0.0
16.0000096919,15.9875151357,270.04447811069326,60.0,69.2966666667,0.0
16.0000096919,15.9875151357,270.04447811069326,55.0,70.85,0.0
16.0000096919,15.9875151357,270.04447811069326,55.0,77.5,0.0
16.0000096919,15.9875151357,270.04447811069326,50.0,58.9,0.0
16.0000096919,15.9875151357,270.04447811069326,50.0,78.0,0.0
16.0000096919,15.9875151357,270.04447811069326,45.0,57.06,0.0
16.0000096919,15.9875151357,270.04447811069326,40.0,56.1,0.0
16.0000096919,15.9875151357,270.04447811069326,35.0,13.9235294118,0.0
16.0000096919,15.9875151357,270.04447811069326,35.0,57.7,0.0
16.0000096919,15.9875151357,270.04447811069326,30.0,13.3933333333,0.0
16.0000096919,15.9875151357,270.04447811069326,25.0,13.1333333333,0.0
16.0000096919,15.9875151357,270.04447811069326,20.0,12.9233333333,0.0
16.0000096919,15.9875151357,270.04447811069326,15.0,12.88,0.0
16.0000096919,15.9875151357,270.04447811069326,10.0,12.8,0.0
16.0000096919,15.9875151357,270.04447811069326,5.0,12.6,0.0
16.0000096919,15.9875151357,270.04447811069326,0.0,12.6,0.0
16.0000096919,15.9875151357,270.04447811069326,0.0,12.6,0.0
16.0000096919,15.9875151357,270.04447811069326,-5.0,12.6,0.0
16.0000096919,15.9875151357,270.04447811069326,-10.0,12.5933333333,0.0
16.0000096919,15.9875151357,270.04447811069326,-15.0,12.4566666667,0.0
16.0000096919,15.9875151357,270.04447811069326,-20.0,12.6333333333,0.0
16.0000096919,15.9875151357,270.04447811069326,-25.0,12.74,0.0
16.0000096919,15.9875151357,270.04447811069326,-30.0,12.8,0.0
16.0000096919,15.9875151357,270.04447811069326,-35.0,12.92,0.0
16.0000096919,15.9875151357,270.04447811069326,-40.0,13.2833333333,0.0
16.0000096919,15.9875151357,270.04447811069326,-45.0,14.2166666667,0.0
16.0000096919,15.9875151357,270.04447811069326,-50.0,14.0033333333,0.0
16.0000096919,15.9875151357,270.04447811069326,-55.0,13.2366666667,0.0
16.0000096919,15.9875151357,270.04447811069326,-60.0,12.8,0.0
16.0000096919,15.9875151357,270.04447811069326,-65.0,12.63,0.0
16.0000096919,15.9875151357,270.04447811069326,-70.0,12.25,0.0
16.0000096919,15.9875151357,270.04447811069326,-75.0,9.73684210526,0.0
16.0000096919,15.9875151357,270.04447811069326,-75.0,12.8,0.0
16.0000096919,15.9875151357,270.04447811069326,-80.0,12.0633333333,0.0
16.0000096919,15.9875151357,270.04447811069326,-85.0,9.45333333333,0.0
16.0000096919,15.9875151357,270.04447811069326,-90.0,10.1466666667,0.0
16.0000096919,15.9875151357,270.04447811069326,-95.0,9.8,0.0
16.0000096919,15.9875151357,270.04447811069326,-100.0,9.8,0.0
16.0000096919,15.9875151357,270.04447811069326,-105.0,10.04,0.0
16.0000096919,15.9875151357,270.04447811069326,-110.0,10.3033333333,0.0
16.0000096919,15.9875151357,270.04447811069326,-115.0,10.13,0.0
16.0000096919,15.9875151357,270.04447811069326,-120.0,10.21,0.0
16.0000096919,15.9875151357,270.04447811069326,-125.0,10.57,0.0
16.0000096919,15.9875151357,270.04447811069326,-130.0,12.0933333333,0.0
16.0000096919,15.9875151357,270.04447811069326,-135.0,13.0333333333,0.0
16.0000096919,15.9875151357,270.04447811069326,-140.0,12.8,0.0
16.0000096919,15.9875151357,270.04447811069326,-140.0,52.0,0.0
16.0000096919,15.9875151357,270.04447811069326,-145.0,49.6066666667,0.0
16.0000096919,15.9875151357,270.04447811069326,-150.0,50.12,0.0
16.0000096919,15.9875151357,270.04447811069326,-155.0,49.3133333333,0.0
16.0000096919,15.9875151357,270.04447811069326,-160.0,48.9066666667,0.0
16.0000096919,15.9875151357,270.04447811069326,-165.0,48.4633333333,0.0
16.0000096919,15.9875151357,270.04447811069326,-170.0,48.7433333333,0.0
16.0000096919,15.9875151357,270.04447811069326,-175.0,48.08,0.0
16.0000096919,15.9875151357,270.04447811069326,-180.0,47.9,0.0
16.0000096919,15.9875151357,270.04447811069326,-180.0,48.42,0.0
16.0000096919,15.9875151357,270.04447811069326,-175.0,30.1,0.0
16.0000096919,15.9875151357,270.04447811069326,-175.0,49.0166666667,0.0
16.0000096919,15.9875151357,270.04447811069326,-170.0,48.86,0.0
16.0000096919,15.9875151357,270.04447811069326,-165.0,48.5666666667,0.0
16.0000096919,15.9875151357,270.04447811069326,-160.0,48.5766666667,0.0
16.0000096919,15.9875151357,270.04447811069326,-155.0,48.9033333333,0.0
16.0000096919,15.9875151357,270.04447811069326,-150.0,49.5,0.0
16.0000096919,15.9875151357,270.04447811069326,-145.0,49.5,0.0
16.0000096919,15.9875151357,270.04447811069326,-145.0,57.1,0.0
16.0000096919,15.9875151357,270.04447811069326,-145.0,70.3,0.0
16.0000096919,15.9875151357,270.04447811069326,-140.0,52.5,0.0
16.0000096919,15.9875151357,270.04447811069326,-135.0,12.8,0.0
16.0000096919,15.9875151357,270.04447811069326,-130.0,12.74,0.0
16.0000096919,15.9875151357,270.04447811069326,-125.0,10.7266666667,0.0
16.0000096919,15.9875151357,270.04447811069326,-120.0,10.2,0.0
16.0000096919,15.9875151357,270.04447811069326,-115.0,10.13,0.0
16.0000096919,15.9875151357,270.04447811069326,-110.0,10.1,0.0
16.0000096919,15.9875151357,270.04447811069326,-105.0,10.01,0.0
16.0000096919,15.9875151357,270.04447811069326,-100.0,9.85333333333,0.0
16.0000096919,15.9875151357,270.04447811069326,-95.0,9.8,0.0
16.0000096919,15.9875151357,270.04447811069326,-90.0,10.02,0.0
16.0000096919,15.9875151357,270.04447811069326,-85.0,9.87,0.0
16.0000096919,15.9875151357,270.04447811069326,-80.0,9.46333333333,0.0
16.0000096919,15.9875151357,270.04447811069326,-75.0,8.9,0.0
16.0000096919,15.9875151357,270.04447811069326,-75.0,12.6833333333,0.0
16.0000096919,15.9875151357,270.04447811069326,-70.0,12.6466666667,0.0
16.0000096919,15.9875151357,270.04447811069326,-65.0,12.7233333333,0.0
16.0000096919,15.9875151357,270.04447811069326,-60.0,12.8,0.0
16.0000096919,15.9875151357,270.04447811069326,-55.0,12.8,0.0
16.0000096919,15.9875151357,270.04447811069326,-50.0,12.86,0.0
16.0000096919,15.9875151357,270.04447811069326,-45.0,14.2966666667,0.0
16.0000096919,15.9875151357,270.04447811069326,-40.0,13.7333333333,0.0
16.0000096919,15.9875151357,270.04447811069326,-35.0,14.0766666667,0.0
16.0000096919,15.9875151357,270.04447811069326,-30.0,12.8133333333,0.0
16.0000096919,15.9875151357,270.04447811069326,-25.0,12.8,0.0
16.0000096919,15.9875151357,270.04447811069326,-20.0,12.7266666667,0.0
16.0000096919,15.9875151357,270.04447811069326,-15.0,12.6,0.0
16.0000096919,15.9875151357,270.04447811069326,-10.0,12.4033333333,0.0
16.0000096919,15.9875151357,270.04447811069326,-5.0,12.57,0.0
16.0000096919,15.9875151357,270.04447811069326,0.0,12.6333333333,0.0
61.1073442994,16.0000020331,360.015860979326,0.0,21.32,0.0
61.1073442994,16.0000020331,360.015860979326,5.0,21.0333333333,0.0
61.1073442994,16.0000020331,360.015860979326,10.0,21.4,0.0
61.1073442994,16.0000020331,360.015860979326,15.0,21.5466666667,0.0
61.1073442994,16.0000020331,360.015860979326,20.0,21.7766666667,0.0
61.1073442994,16.0000020331,360.015860979326,25.0,21.9266666667,0.0
61.1073442994,16.0000020331,360.015860979326,30.0,18.2,0.0
61.1073442994,16.0000020331,360.015860979326,30.0,22.8166666667,0.0
61.1073442994,16.0000020331,360.015860979326,35.0,17.3764705882,0.0
61.1073442994,16.0000020331,360.015860979326,35.0,21.8538461538,0.0
61.1073442994,16.0000020331,360.015860979326,40.0,16.744,0.0
61.1073442994,16.0000020331,360.015860979326,40.0,25.1,0.0
61.1073442994,16.0000020331,360.015860979326,45.0,16.7533333333,0.0
61.1073442994,16.0000020331,360.015860979326,50.0,16.9533333333,0.0
61.1073442994,16.0000020331,360.015860979326,55.0,16.0,0.0
61.1073442994,16.0000020331,360.015860979326,60.0,16.6,0.0
61.1073442994,16.0000020331,360.015860979326,65.0,61.2,0.0
61.1073442994,16.0000020331,360.015860979326,70.0,56.7333333333,0.0
61.1073442994,16.0000020331,360.015860979326,75.0,57.1466666667,0.0
61.1073442994,16.0000020331,360.015860979326,80.0,57.3933333333,0.0
61.1073442994,16.0000020331,360.015860979326,85.0,56.5,0.0
61.1073442994,16.0000020331,360.015860979326,90.0,56.6666666667,0.0
61.1073442994,16.0000020331,360.015860979326,95.0,56.48,0.0
61.1073442994,16.0000020331,360.015860979326,100.0,49.7789473684,0.0
61.1073442994,16.0000020331,360.015860979326,100.0,56.8,0.0
61.1073442994,16.0000020331,360.015860979326,105.0,49.4,0.0
61.1073442994,16.0000020331,360.015860979326,105.0,56.5789473684,0.0
61.1073442994,16.0000020331,360.015860979326,110.0,29.8,0.0
61.1073442994,16.0000020331,360.015860979326,110.0,45.6,0.0
61.1073442994,16.0000020331,360.015860979326,110.0,57.1,0.0
61.1073442994,16.0000020331,360.015860979326,115.0,29.6,0.0
61.1073442994,16.0000020331,360.015860979326,115.0,45.7666666667,0.0
61.1073442994,16.0000020331,360.015860979326,120.0,29.6766666667,0.0
61.1073442994,16.0000020331,360.015860979326,125.0,33.01,0.0
61.1073442994,16.0000020331,360.015860979326,130.0,57.9,0.0
61.1073442994,16.0000020331,360.015860979326,135.0,29.6633333333,0.0
61.1073442994,16.0000020331,360.015860979326,140.0,29.7533333333,0.0
61.1073442994,16.0000020331,360.015860979326,145.0,30.1,0.0
61.1073442994,16.0000020331,360.015860979326,145.0,65.584,0.0
61.1073442994,16.0000020331,360.015860979326,150.0,30.4,0.0
61.1073442994,16.0000020331,360.015860979326,150.0,71.4,0.0
61.1073442994,16.0000020331,360.015860979326,150.0,76.1666666667,0.0
61.1073442994,16.0000020331,360.015860979326,155.0,59.7428571429,0.0
61.1073442994,16.0000020331,360.015860979326,155.0,76.2,0.0
61.1073442994,16.0000020331,360.015860979326,160.0,57.7533333333,0.0
61.1073442994,16.0000020331,360.015860979326,165.0,57.2033333333,0.0
61.1073442994,16.0000020331,360.015860979326,170.0,12.6909090909,0.0
61.1073442994,16.0000020331,360.015860979326,170.0,57.4,0.0
61.1073442994,16.0000020331,360.015860979326,175.0,57.54,0.0
61.1073442994,16.0000020331,360.015860979326,180.0,56.2166666667,0.0
61.1073442994,16.0000020331,360.015860979326,180.0,56.06,0.0
61.1073442994,16.0000020331,360.015860979326,175.0,57.7733333333,0.0
61.1073442994,16.0000020331,360.015860979326,170.0,57.7266666667,0.0
61.1073442994,16.0000020331,360.015860979326,165.0,57.7833333333,0.0
61.1073442994,16.0000020331,360.015860979326,160.0,57.42,0.0
61.1073442994,16.0000020331,360.015860979326,155.0,30.1,0.0
61.1073442994,16.0000020331,360.015860979326,155.0,58.9,0.0
61.1073442994,16.0000020331,360.015860979326,155.0,64.8,0.0
61.1073442994,16.0000020331,360.015860979326,150.0,65.77,0.0
61.1073442994,16.0000020331,360.015860979326,145.0,65.96,0.0
61.1073442994,16.0000020331,360.015860979326,145.0,68.7,0.0
61.1073442994,16.0000020331,360.015860979326,145.0,75.7,0.0
61.1073442994,16.0000020331,360.015860979326,140.0,65.7,0.0
61.1073442994,16.0000020331,360.015860979326,135.0,30.3,0.0
61.1073442994,16.0000020331,360.015860979326,135.0,66.4,0.0
61.1073442994,16.0000020331,360.015860979326,135.0,75.9,0.0
61.1073442994,16.0000020331,360.015860979326,130.0,29.5633333333,0.0
61.1073442994,16.0000020331,360.015860979326,125.0,29.6,0.0
61.1073442994,16.0000020331,360.015860979326,120.0,29.68,0.0
61.1073442994,16.0000020331,360.015860979326,115.0,29.7,0.0
61.1073442994,16.0000020331,360.015860979326,110.0,45.5545454545,0.0
61.1073442994,16.0000020331,360.015860979326,110.0,57.0,0.0
61.1073442994,16.0000020331,360.015860979326,105.0,29.8,0.0
61.1073442994,16.0000020331,360.015860979326,105.0,46.1,0.0
61.1073442994,16.0000020331,360.015860979326,105.0,56.6,0.0
61.1073442994,16.0000020331,360.015860979326,100.0,45.0454545455,0.0
61.1073442994,16.0000020331,360.015860979326,100.0,49.0,0.0
61.1073442994,16.0000020331,360.015860979326,100.0,56.8,0.0
61.1073442994,16.0000020331,360.015860979326,95.0,46.2,0.0
61.1073442994,16.0000020331,360.015860979326,95.0,56.5,0.0
61.1073442994,16.0000020331,360.015860979326,90.0,45.3,0.0
61.1073442994,16.0000020331,360.015860979326,90.0,56.7142857143,0.0
61.1073442994,16.0000020331,360.015860979326,85.0,56.22,0.0
61.1073442994,16.0000020331,360.015860979326,80.0,56.25,0.0
61.1073442994,16.0000020331,360.015860979326,75.0,56.37,0.0
61.1073442994,16.0000020331,360.015860979326,70.0,56.58,0.0
61.1073442994,16.0000020331,360.015860979326,65.0,56.5,0.0
61.1073442994,16.0000020331,360.015860979326,60.0,60.9,0.0
61.1073442994,16.0000020331,360.015860979326,55.0,16.5,0.0
61.1073442994,16.0000020331,360.015860979326,55.0,60.9,0.0
61.1073442994,16.0000020331,360.015860979326,50.0,16.31,0.0
61.1073442994,16.0000020331,360.015860979326,45.0,18.1,0.0
61.1073442994,16.0000020331,360.015860979326,40.0,16.5666666667,0.0
61.1073442994,16.0000020331,360.015860979326,35.0,16.7666666667,0.0
61.1073442994,16.0000020331,360.015860979326,30.0,18.1,0.0
61.1073442994,16.0000020331,360.015860979326,30.0,22.4523809524,0.0
61.1073442994,16.0000020331,360.015860979326,25.0,21.945,0.0
61.1073442994,16.0000020331,360.015860979326,25.0,26.7,0.0
61.1073442994,16.0000020331,360.015860979326,20.0,21.6,0.0
61.1073442994,16.0000020331,360.015860979326,15.0,21.78,0.0
61.1073442994,16.0000020331,360.015860979326,10.0,21.6333333333,0.0
61.1073442994,16.0000020331,360.015860979326,5.0,21.4,0.0
61.1073442994,16.0000020331,360.015860979326,0.0,21.0666666667,0.0
61.1073442994,16.0000020331,360.015860979326,0.0,21.0366666667,0.0
61.1073442994,16.0000020331,360.015860979326,-5.0,21.3533333333,0.0
61.1073442994,16.0000020331,360.015860979326,-10.0,21.27,0.0
61.1073442994,16.0000020331,360.015860979326,-15.0,21.3,0.0
61.1073442994,16.0000020331,360.015860979326,-20.0,17.6392857143,0.0
61.1073442994,16.0000020331,360.015860979326,-20.0,21.4,0.0
61.1073442994,16.0000020331,360.015860979326,-25.0,17.1566666667,0.0
61.1073442994,16.0000020331,360.015860979326,-30.0,16.76,0.0
61.1073442994,16.0000020331,360.015860979326,-35.0,16.5666666667,0.0
61.1073442994,16.0000020331,360.015860979326,-40.0,16.5933333333,0.0
61.1073442994,16.0000020331,360.015860979326,-45.0,16.4066666667,0.0
61.1073442994,16.0000020331,360.015860979326,-50.0,16.8166666667,0.0
61.1073442994,16.0000020331,360.015860979326,-55.0,17.8066666667,0.0
61.1073442994,16.0000020331,360.015860979326,-60.0,19.1217391304,0.0
61.1073442994,16.0000020331,360.015860979326,-60.0,20.3,0.0
61.1073442994,16.0000020331,360.015860979326,-65.0,20.7,0.0
61.1073442994,16.0000020331,360.015860979326,-65.0,24.8,0.0
61.1073442994,16.0000020331,360.015860979326,-70.0,24.6,0.0
61.1073442994,16.0000020331,360.015860979326,-75.0,100.393700787,0.0
61.1073442994,16.0000020331,360.015860979326,-80.0,60.8,0.0
61.1073442994,16.0000020331,360.015860979326,-85.0,100.393700787,0.0
61.1073442994,16.0000020331,360.015860979326,-90.0,43.3,0.0
61.1073442994,16.0000020331,360.015860979326,-95.0,63.3,0.0
61.1073442994,16.0000020331,360.015860979326,-100.0,100.393700787,0.0
61.1073442994,16.0000020331,360.015860979326,-105.0,100.393700787,0.0
61.1073442994,16.0000020331,360.015860979326,-110.0,94.3882352941,0.0
61.1073442994,16.0000020331,360.015860979326,-115.0,94.5,0.0
61.1073442994,16.0000020331,360.015860979326,-120.0,93.7642857143,0.0
61.1073442994,16.0000020331,360.015860979326,-125.0,93.3,0.0
61.1073442994,16.0000020331,360.015860979326,-125.0,98.2,0.0
61.1073442994,16.0000020331,360.015860979326,-130.0,93.36,0.0
61.1073442994,16.0000020331,360.015860979326,-135.0,93.4,0.0
61.1073442994,16.0000020331,360.015860979326,-140.0,93.3833333333,0.0
61.1073442994,16.0000020331,360.015860979326,-145.0,93.1,0.0
61.1073442994,16.0000020331,360.015860979326,-145.0,98.1,0.0
61.1073442994,16.0000020331,360.015860979326,-150.0,58.8633333333,0.0
61.1073442994,16.0000020331,360.015860979326,-155.0,58.77,0.0
61.1073442994,16.0000020331,360.015860979326,-160.0,56.6,0.0
61.1073442994,16.0000020331,360.015860979326,-165.0,55.97,0.0
61.1073442994,16.0000020331,360.015860979326,-170.0,55.7633333333,0.0
61.1073442994,16.0000020331,360.015860979326,-175.0,55.2,0.0
61.1073442994,16.0000020331,360.015860979326,-180.0,54.9266666667,0.0
61.1073442994,16.0000020331,360.015860979326,-180.0,55.3533333333,0.0
61.1073442994,16.0000020331,360.015860979326,-175.0,55.57,0.0
61.1073442994,16.0000020331,360.015860979326,-170.0,55.94,0.0
61.1073442994,16.0000020331,360.015860979326,-165.0,56.09,0.0
61.1073442994,16.0000020331,360.015860979326,-160.0,57.6142857143,0.0
61.1073442994,16.0000020331,360.015860979326,-155.0,58.7333333333,0.0
61.1073442994,16.0000020331,360.015860979326,-150.0,58.0,0.0
61.1073442994,16.0000020331,360.015860979326,-145.0,58.54,0.0
61.1073442994,16.0000020331,360.015860979326,-140.0,93.46,0.0
61.1073442994,16.0000020331,360.015860979326,-135.0,93.3,0.0
61.1073442994,16.0000020331,360.015860979326,-130.0,93.9533333333,0.0
61.1073442994,16.0000020331,360.015860979326,-125.0,93.4,0.0
61.1073442994,16.0000020331,360.015860979326,-120.0,93.625,0.0
61.1073442994,16.0000020331,360.015860979326,-120.0,97.2,0.0
61.1073442994,16.0000020331,360.015860979326,-115.0,94.4,0.0
61.1073442994,16.0000020331,360.015860979326,-110.0,100.393700787,0.0
61.1073442994,16.0000020331,360.015860979326,-105.0,100.393700787,0.0
61.1073442994,16.0000020331,360.015860979326,-100.0,40.2,0.0
61.1073442994,16.0000020331,360.015860979326,-95.0,72.3,0.0
61.1073442994,16.0000020331,360.015860979326,-90.0,100.393700787,0.0
61.1073442994,16.0000020331,360.015860979326,-85.0,52.5,0.0
61.1073442994,16.0000020331,360.015860979326,-80.0,100.393700787,0.0
61.1073442994,16.0000020331,360.015860979326,-75.0,100.393700787,0.0
61.1073442994,16.0000020331,360.015860979326,-70.0,52.0,0.0
61.1073442994,16.0000020331,360.015860979326,-65.0,52.0,0.0
61.1073442994,16.0000020331,360.015860979326,-60.0,19.7153846154,0.0
61.1073442994,16.0000020331,360.015860979326,-60.0,24.8,0.0
61.1073442994,16.0000020331,360.015860979326,-55.0,17.64,0.0
61.1073442994,16.0000020331,360.015860979326,-50.0,17.8766666667,0.0
61.1073442994,16.0000020331,360.015860979326,-45.0,16.56,0.0
61.1073442994,16.0000020331,360.015860979326,-40.0,16.34,0.0
61.1073442994,16.0000020331,360.015860979326,-35.0,16.52,0.0
61.1073442994,16.0000020331,360.015860979326,-30.0,16.57,0.0
61.1073442994,16.0000020331,360.015860979326,-25.0,16.7533333333,0.0
61.1073442994,16.0000020331,360.015860979326,-20.0,17.12,0.0
61.1073442994,16.0000020331,360.015860979326,-15.0,17.65,0.0
61.1073442994,16.0000020331,360.015860979326,-10.0,21.1333333333,0.0
61.1073442994,16.0000020331,360.015860979326,-5.0,21.22,0.0
61.1073442994,16.0000020331,360.015860979326,0.0,21.4466666667,0.0
